module	name	host-lines	status	differential-covered
src/kotoba/native/machine_ir.cljk	reject!	3	real	1
src/kotoba/native/machine_ir.cljk	a64-op	2	real	1
src/kotoba/native/machine_ir.cljk	a64-fused-multiply	24	real	1
src/kotoba/native/machine_ir.cljk	a64-product-use-count	19	real	1
src/kotoba/native/machine_ir.cljk	a64-fuse-multiplies	26	real	1
src/kotoba/native/machine_ir.cljk	a64-direct-result-ops	10	folded	0
src/kotoba/native/machine_ir.cljk	a64-source-registers-mir	15	real	1
src/kotoba/native/machine_ir.cljk	a64-used-before-definition?	8	real	1
src/kotoba/native/machine_ir.cljk	a64-coalesce-direct-results	49	real	1
src/kotoba/native/machine_ir.cljk	lower-mc-instructions	25	real	1
src/kotoba/native/machine_ir.cljk	lower-mc	26	real	1
src/kotoba/native/machine_ir.cljk	hoist-source-keys	5	folded	0
src/kotoba/native/machine_ir.cljk	hoistable-ops	6	folded	0
src/kotoba/native/machine_ir.cljk	call-ops	8	folded	0
src/kotoba/native/machine_ir.cljk	crossable-ops	13	folded	0
src/kotoba/native/machine_ir.cljk	hoist-register-operands	2	real	1
src/kotoba/native/machine_ir.cljk	hoist-all-register-reads	14	real	1
src/kotoba/native/machine_ir.cljk	hoist-register-only?	7	real	1
src/kotoba/native/machine_ir.cljk	hoist-crossable?	8	real	1
src/kotoba/native/machine_ir.cljk	hoist-splits-fusion-pair?	18	real	1
src/kotoba/native/machine_ir.cljk	hoist-consumers-to-producers	68	real	1
src/kotoba/native/machine_ir.cljk	hoist-program-consumers	9	real	1
src/kotoba/native/machine_ir.cljk	a64-caller-saved-registers	5	folded	0
src/kotoba/native/machine_ir.cljk	coalescable-ops	7	folded	0
src/kotoba/native/machine_ir.cljk	coalesce-transparent-ops	5	folded	0
src/kotoba/native/machine_ir.cljk	a64-register?	2	real	1
src/kotoba/native/machine_ir.cljk	a64-registers-read	12	real	1
src/kotoba/native/machine_ir.cljk	a64-dead-after?	18	real	1
src/kotoba/native/machine_ir.cljk	a64-coalesce-moves	44	real	1
src/kotoba/native/machine_ir.cljk	coalesce-program-moves	9	real	1
src/kotoba/native/machine_ir.cljk	compile-gmir	7	real	1
src/kotoba/native/machine_ir.cljk	kir-binary-ops	9	real	0
src/kotoba/native/machine_ir.cljk	kir-predicate-ops	3	real	0
src/kotoba/native/machine_ir.cljk	kir-fold-ops	1	real	0
src/kotoba/native/machine_ir.cljk	kir-comparison-ops	1	real	0
src/kotoba/native/machine_ir.cljk	kir-word-unary-ops	1	real	0
src/kotoba/native/machine_ir.cljk	kir-i32-binary-ops	3	real	0
src/kotoba/native/machine_ir.cljk	kir-f64-binary-ops	8	real	0
src/kotoba/native/machine_ir.cljk	kir-f64-unary-ops	2	real	0
src/kotoba/native/machine_ir.cljk	slice-item-limit	1	real	0
src/kotoba/native/machine_ir.cljk	kir-f32-binary-ops	7	real	0
src/kotoba/native/machine_ir.cljk	kir-f32-unary-ops	2	real	0
src/kotoba/native/machine_ir.cljk	kir-f32-conversion-ops	5	real	0
src/kotoba/native/machine_ir.cljk	kir-kernel-memory-ops	51	real	1
src/kotoba/native/machine_ir.cljk	gmir-memory-store-ops	6	real	1
src/kotoba/native/machine_ir.cljk	gmir-slice-ops	4	folded	0
src/kotoba/native/machine_ir.cljk	kernel-access-bytes	12	real	1
src/kotoba/native/machine_ir.cljk	unaligned-accesses	13	folded	0
src/kotoba/native/machine_ir.cljk	kir-kernel-atomic-ops	7	real	1
src/kotoba/native/machine_ir.cljk	kir-kernel-dot-f32-ops	2	folded	0
src/kotoba/native/machine_ir.cljk	kir-kernel-dequant-dot-ops	14	folded	0
src/kotoba/native/machine_ir.cljk	kir-region-pair-ops	5	real	1
src/kotoba/native/machine_ir.cljk	kir-x86-privileged-ops	86	real	1
src/kotoba/native/machine_ir.cljk	kir-rodata-address-ops	4	real	1
src/kotoba/native/machine_ir.cljk	kir-rodata-length-op	1	folded	0
src/kotoba/native/machine_ir.cljk	kir-function-address-op	1	folded	0
src/kotoba/native/machine_ir.cljk	kir-runtime-ops	82	real	0
src/kotoba/native/machine_ir.cljk	native-clock-request-type	2	real	1
src/kotoba/native/machine_ir.cljk	native-clock-wall-type	3	real	1
src/kotoba/native/machine_ir.cljk	native-clock-monotonic-type	3	real	1
src/kotoba/native/machine_ir.cljk	native-clock-error-type	2	real	1
src/kotoba/native/machine_ir.cljk	native-clock-result-type	5	real	1
src/kotoba/native/machine_ir.cljk	native-dataspace-assert-type	3	real	1
src/kotoba/native/machine_ir.cljk	native-dataspace-retract-type	3	real	1
src/kotoba/native/machine_ir.cljk	native-dataspace-observe-type	3	real	1
src/kotoba/native/machine_ir.cljk	native-dataspace-request-type	7	real	1
src/kotoba/native/machine_ir.cljk	native-dataspace-asserted-type	3	real	1
src/kotoba/native/machine_ir.cljk	native-dataspace-retracted-type	2	real	1
src/kotoba/native/machine_ir.cljk	native-dataspace-matches-type	3	real	1
src/kotoba/native/machine_ir.cljk	native-dataspace-facet-type	2	real	1
src/kotoba/native/machine_ir.cljk	native-dataspace-error-type	3	real	1
src/kotoba/native/machine_ir.cljk	native-dataspace-result-type	7	real	1
src/kotoba/native/machine_ir.cljk	native-ui-parent-type	1	folded	0
src/kotoba/native/machine_ir.cljk	native-ui-node-type	4	real	1
src/kotoba/native/machine_ir.cljk	native-ui-node-set-type	1	folded	0
src/kotoba/native/machine_ir.cljk	native-ui-commit-request-type	3	real	1
src/kotoba/native/machine_ir.cljk	native-ui-commit-result-type	2	real	1
src/kotoba/native/machine_ir.cljk	native-ui-event-request-type	2	real	1
src/kotoba/native/machine_ir.cljk	native-ui-event-type	3	real	1
src/kotoba/native/machine_ir.cljk	native-ui-event-result-type	1	real	1
src/kotoba/native/machine_ir.cljk	typed-capability-kinds	12	folded	0
src/kotoba/native/machine_ir.cljk	capability-id	11	real	1
src/kotoba/native/machine_ir.cljk	valid-capability-id?	2	real	0
src/kotoba/native/machine_ir.cljk	word-result-type?	31	real	1
src/kotoba/native/machine_ir.cljk	scalar-literal?	2	real	1
src/kotoba/native/machine_ir.cljk	scalar-literal	2	real	1
src/kotoba/native/machine_ir.cljk	utf8-bytes	4	real	1
src/kotoba/native/machine_ir.cljk	ascii-literal?	2	real	1
src/kotoba/native/machine_ir.cljk	literal-walk-form?	3	real	1
src/kotoba/native/machine_ir.cljk	hex-of-bytes	2	folded	0
src/kotoba/native/machine_ir.cljk	literal-walk-window	2	real	1
src/kotoba/native/machine_ir.cljk	scalar-record-fields	3	real	1
src/kotoba/native/machine_ir.cljk	record-value?	2	real	1
src/kotoba/native/machine_ir.cljk	record-value	2	real	1
src/kotoba/native/machine_ir.cljk	scalar-variant-cases	3	real	1
src/kotoba/native/machine_ir.cljk	provider-record-fields	12	real	1
src/kotoba/native/machine_ir.cljk	provider-variant-cases	5	real	1
src/kotoba/native/machine_ir.cljk	variant-value?	2	real	1
src/kotoba/native/machine_ir.cljk	variant-value	3	real	1
src/kotoba/native/machine_ir.cljk	scalar-register!	4	real	1
src/kotoba/native/machine_ir.cljk	normalize-surface-operations	223	real	1
src/kotoba/native/machine_ir.cljk	normalize-scalar-variant-boundary	47	real	1
src/kotoba/native/machine_ir.cljk	host-index	6	folded	0
src/kotoba/native/machine_ir.cljk	normalize-scalar-record-boundary	109	real	1
src/kotoba/native/machine_ir.cljk	normalize-provider-boundary	72	real	1
src/kotoba/native/machine_ir.cljk	scalar-boundary-type?	5	real	1
src/kotoba/native/machine_ir.cljk	function-boundary-types	4	real	1
src/kotoba/native/machine_ir.cljk	variant-boundary-module?	13	real	1
src/kotoba/native/machine_ir.cljk	module-record-types	13	real	1
src/kotoba/native/machine_ir.cljk	record-boundary-module?	27	real	1
src/kotoba/native/machine_ir.cljk	provider-boundary-module?	12	real	1
src/kotoba/native/machine_ir.cljk	tail-constructed-record-types	22	real	1
src/kotoba/native/machine_ir.cljk	validate-record-reference-results!	7	folded	0
src/kotoba/native/machine_ir.cljk	i64-mul	3	folded	0
src/kotoba/native/machine_ir.cljk	i64-add	3	folded	0
src/kotoba/native/machine_ir.cljk	gmir-source-keys	33	folded	0
src/kotoba/native/machine_ir.cljk	gmir-block-boundary	2	folded	0
src/kotoba/native/machine_ir.cljk	gmir-dce-ops	4	folded	0
src/kotoba/native/machine_ir.cljk	gmir-source-registers	12	real	1
src/kotoba/native/machine_ir.cljk	gmir-defs	5	real	1
src/kotoba/native/machine_ir.cljk	const-i64	6	real	1
src/kotoba/native/machine_ir.cljk	add-const-base	10	real	1
src/kotoba/native/machine_ir.cljk	remap-gmir-sources	20	real	1
src/kotoba/native/machine_ir.cljk	distribute-const-offset-multiplies	30	real	1
src/kotoba/native/machine_ir.cljk	fold-add-of-add-const	23	real	1
src/kotoba/native/machine_ir.cljk	const-key	21	folded	0
src/kotoba/native/machine_ir.cljk	gvn-const-multiplies	36	real	1
src/kotoba/native/machine_ir.cljk	dce-gmir	8	real	1
src/kotoba/native/machine_ir.cljk	rewrite-offset-multiplies	20	real	1
src/kotoba/native/machine_ir.cljk	lower-kir-expression	780	real	1
src/kotoba/native/machine_ir.cljk	pilot-expression?	206	nil	0
src/kotoba/native/machine_ir.cljk	lower-kir-module	45	real	1
src/kotoba/native/machine_ir.cljk	pilot-module?	22	real	0
src/kotoba/native/machine_ir.cljk	x86-register-code	10	nil	0
src/kotoba/native/machine_ir.cljk	x86-arguments	1	nil	0
src/kotoba/native/machine_ir.cljk	aarch64-register-code	15	folded	0
src/kotoba/native/machine_ir.cljk	byte-value	1	folded	0
src/kotoba/native/machine_ir.cljk	le64	9	real	0
src/kotoba/native/machine_ir.cljk	u32le	2	real	1
src/kotoba/native/machine_ir.cljk	align16	2	real	1
src/kotoba/native/machine_ir.cljk	wide-zero	1	folded	0
src/kotoba/native/machine_ir.cljk	wide-one	1	folded	0
src/kotoba/native/machine_ir.cljk	wide-two63	2	folded	0
src/kotoba/native/machine_ir.cljk	wide-two64	2	folded	0
src/kotoba/native/machine_ir.cljk	wide-max-i64	2	folded	0
src/kotoba/native/machine_ir.cljk	wide-min-i64	2	folded	0
src/kotoba/native/machine_ir.cljk	->wide	2	folded	0
src/kotoba/native/machine_ir.cljk	wide-quot	2	folded	0
src/kotoba/native/machine_ir.cljk	wide-mod	2	folded	0
src/kotoba/native/machine_ir.cljk	wide-neg?	1	folded	0
src/kotoba/native/machine_ir.cljk	signed-division-magic	48	real	1
src/kotoba/native/machine_ir.cljk	x86-stack-memory	10	nil	0
src/kotoba/native/machine_ir.cljk	x86-adjust-stack	4	nil	0
src/kotoba/native/machine_ir.cljk	a64-adjust-stack	8	real	1
src/kotoba/native/machine_ir.cljk	a64-stack-memory	5	real	1
src/kotoba/native/machine_ir.cljk	x86-stack-displacement	9	nil	0
src/kotoba/native/machine_ir.cljk	a64-stack-displacement	4	real	1
src/kotoba/native/machine_ir.cljk	x86-rr	8	nil	0
src/kotoba/native/machine_ir.cljk	x86-rr-two-byte	8	nil	0
src/kotoba/native/machine_ir.cljk	vex-opcode-map-code	2	nil	0
src/kotoba/native/machine_ir.cljk	vex-prefix-code	2	nil	0
src/kotoba/native/machine_ir.cljk	vex-bit!	5	nil	0
src/kotoba/native/machine_ir.cljk	vex-vvvv!	5	nil	0
src/kotoba/native/machine_ir.cljk	vex-length!	5	nil	0
src/kotoba/native/machine_ir.cljk	vex-pp!	5	nil	0
src/kotoba/native/machine_ir.cljk	vex-opcode-map!	5	nil	0
src/kotoba/native/machine_ir.cljk	vex2	9	nil	0
src/kotoba/native/machine_ir.cljk	vex3	12	nil	0
src/kotoba/native/machine_ir.cljk	vex	7	nil	0
src/kotoba/native/machine_ir.cljk	vex-register	11	nil	0
src/kotoba/native/machine_ir.cljk	vex-address-register-code	8	nil	0
src/kotoba/native/machine_ir.cljk	vex-address-register	5	nil	0
src/kotoba/native/machine_ir.cljk	vex-imm8!	4	nil	0
src/kotoba/native/machine_ir.cljk	vex-memory-operand	51	nil	0
src/kotoba/native/machine_ir.cljk	vex-prefix-spec	6	nil	0
src/kotoba/native/machine_ir.cljk	vex-reg-field	2	nil	0
src/kotoba/native/machine_ir.cljk	x86-vex-rr	12	nil	0
src/kotoba/native/machine_ir.cljk	x86-vex-rm	10	nil	0
src/kotoba/native/machine_ir.cljk	x86-avx-forms	87	nil	0
src/kotoba/native/machine_ir.cljk	x86-avx-form	5	nil	0
src/kotoba/native/machine_ir.cljk	x86-vzeroupper	7	nil	0
src/kotoba/native/machine_ir.cljk	x86-sse-rr	21	nil	0
src/kotoba/native/machine_ir.cljk	x86-sse-rm	17	nil	0
src/kotoba/native/machine_ir.cljk	x86-gpr-rm-0f	22	nil	0
src/kotoba/native/machine_ir.cljk	x86-shift-imm	13	nil	0
src/kotoba/native/machine_ir.cljk	x86-movsx-byte-mem	1	nil	0
src/kotoba/native/machine_ir.cljk	x86-movzx-word-mem	1	nil	0
src/kotoba/native/machine_ir.cljk	x86-movzx-byte-mem	1	nil	0
src/kotoba/native/machine_ir.cljk	x86-lea-sum	15	nil	0
src/kotoba/native/machine_ir.cljk	x86-push	6	nil	0
src/kotoba/native/machine_ir.cljk	x86-pop	6	nil	0
src/kotoba/native/machine_ir.cljk	x86-quotient	40	nil	0
src/kotoba/native/machine_ir.cljk	x86-quotient-constant	80	nil	0
src/kotoba/native/machine_ir.cljk	x86-shift	29	nil	0
src/kotoba/native/machine_ir.cljk	x86-gpr-to-xmm	7	nil	0
src/kotoba/native/machine_ir.cljk	x86-xmm-to-gpr	7	nil	0
src/kotoba/native/machine_ir.cljk	x86-setcc	6	nil	0
src/kotoba/native/machine_ir.cljk	x86-movzx-byte	6	nil	0
src/kotoba/native/machine_ir.cljk	x86-f64-binary-opcode	3	nil	0
src/kotoba/native/machine_ir.cljk	x86-f64-binary	5	nil	0
src/kotoba/native/machine_ir.cljk	x86-f64-min-max	22	nil	0
src/kotoba/native/machine_ir.cljk	x86-gpr-to-xmm32	10	nil	0
src/kotoba/native/machine_ir.cljk	x86-xmm-to-gpr32	10	nil	0
src/kotoba/native/machine_ir.cljk	x86-movsxd	6	nil	0
src/kotoba/native/machine_ir.cljk	x86-cvtsi2	7	nil	0
src/kotoba/native/machine_ir.cljk	x86-f32-binary-opcode	3	nil	0
src/kotoba/native/machine_ir.cljk	x86-f32-binary	6	nil	0
src/kotoba/native/machine_ir.cljk	x86-f64-compare	22	nil	0
src/kotoba/native/machine_ir.cljk	x86-f32-compare	21	nil	0
src/kotoba/native/machine_ir.cljk	x86-immediate-form	9	nil	0
src/kotoba/native/machine_ir.cljk	x86-le32	10	nil	0
src/kotoba/native/machine_ir.cljk	x86-imm32?	4	nil	0
src/kotoba/native/machine_ir.cljk	x86-alu-imm	6	nil	0
src/kotoba/native/machine_ir.cljk	x86-lea-disp32	7	nil	0
src/kotoba/native/machine_ir.cljk	x86-negatable-imm32?	6	nil	0
src/kotoba/native/machine_ir.cljk	x86-imul-imm	8	nil	0
src/kotoba/native/machine_ir.cljk	x86-mov-imm-fixed	4	nil	0
src/kotoba/native/machine_ir.cljk	x86-mov-imm	11	nil	0
src/kotoba/native/machine_ir.cljk	x86-compare	25	nil	0
src/kotoba/native/machine_ir.cljk	a64-register	3	real	1
src/kotoba/native/machine_ir.cljk	a64-mov	3	real	1
src/kotoba/native/machine_ir.cljk	a64-constant-chunks	11	real	1
src/kotoba/native/machine_ir.cljk	a64-wide-move	5	real	1
src/kotoba/native/machine_ir.cljk	a64-logical-immediate-fields	32	real	1
src/kotoba/native/machine_ir.cljk	a64-logical-immediate	8	real	1
src/kotoba/native/machine_ir.cljk	a64-logical-lane-chunks	6	folded	0
src/kotoba/native/machine_ir.cljk	a64-logical-seed-plan	15	real	1
src/kotoba/native/machine_ir.cljk	a64-logical-seeded-wide	13	real	1
src/kotoba/native/machine_ir.cljk	a64-constant-fixed	9	real	1
src/kotoba/native/machine_ir.cljk	a64-constant	33	real	1
src/kotoba/native/machine_ir.cljk	a64-compare	6	real	1
src/kotoba/native/machine_ir.cljk	a64-f64-binary	8	real	1
src/kotoba/native/machine_ir.cljk	a64-f64-compare	8	real	1
src/kotoba/native/machine_ir.cljk	a64-fmov-s0-w	2	real	1
src/kotoba/native/machine_ir.cljk	a64-fmov-s1-w	2	real	1
src/kotoba/native/machine_ir.cljk	a64-fmov-w-s0	2	real	1
src/kotoba/native/machine_ir.cljk	a64-sxtw	3	real	1
src/kotoba/native/machine_ir.cljk	a64-f32-binary	6	real	1
src/kotoba/native/machine_ir.cljk	a64-f32-compare	5	real	1
src/kotoba/native/machine_ir.cljk	x86-cmp-imm32	7	nil	0
src/kotoba/native/machine_ir.cljk	x86-memory-access	22	nil	0
src/kotoba/native/machine_ir.cljk	x86-and-imm8	9	nil	0
src/kotoba/native/machine_ir.cljk	x86-alignment-check	18	nil	0
src/kotoba/native/machine_ir.cljk	x86-lea-scaled	32	nil	0
src/kotoba/native/machine_ir.cljk	memory-label	3	real	1
src/kotoba/native/machine_ir.cljk	x86-kernel-bounds-check	43	nil	0
src/kotoba/native/machine_ir.cljk	x86-slice-bounds-check	24	nil	0
src/kotoba/native/machine_ir.cljk	x86-set-zero-flag	14	nil	0
src/kotoba/native/machine_ir.cljk	x86-store-answer	26	nil	0
src/kotoba/native/machine_ir.cljk	x86-kernel-memory	14	nil	0
src/kotoba/native/machine_ir.cljk	x86-slice-memory	20	nil	0
src/kotoba/native/machine_ir.cljk	x86-kernel-lock	32	nil	0
src/kotoba/native/machine_ir.cljk	x86-kernel-atomic	36	nil	0
src/kotoba/native/machine_ir.cljk	x86-kernel-subregion	19	nil	0
src/kotoba/native/machine_ir.cljk	a64-alignment-check	18	real	1
src/kotoba/native/machine_ir.cljk	x86-dot-avx2-guard	55	nil	0
src/kotoba/native/machine_ir.cljk	x86-kernel-dot-f32	170	nil	0
src/kotoba/native/machine_ir.cljk	a64-add-rr	4	real	1
src/kotoba/native/machine_ir.cljk	a64-add-imm	4	real	1
src/kotoba/native/machine_ir.cljk	a64-sub-imm	4	real	1
src/kotoba/native/machine_ir.cljk	a64-cmp-imm	3	real	1
src/kotoba/native/machine_ir.cljk	a64-cmp-rr	3	real	1
src/kotoba/native/machine_ir.cljk	a64-f32-load	3	real	1
src/kotoba/native/machine_ir.cljk	a64-fadd-s	1	real	1
src/kotoba/native/machine_ir.cljk	a64-fmul-s	1	real	1
src/kotoba/native/machine_ir.cljk	a64-f32-rrr	2	real	1
src/kotoba/native/machine_ir.cljk	a64-f32-zero	2	real	1
src/kotoba/native/machine_ir.cljk	a64-scvtf-s-x	2	real	1
src/kotoba/native/machine_ir.cljk	a64-ldrsb-x	4	real	1
src/kotoba/native/machine_ir.cljk	a64-ldrh-w	4	real	1
src/kotoba/native/machine_ir.cljk	a64-kernel-dot-f32	95	real	1
src/kotoba/native/machine_ir.cljk	x86-dequant-formats	41	nil	0
src/kotoba/native/machine_ir.cljk	x86-dequant-magic	15	real	1
src/kotoba/native/machine_ir.cljk	x86-dequant-fp16	40	nil	0
src/kotoba/native/machine_ir.cljk	x86-dequant-q4-k-groups	15	nil	0
src/kotoba/native/machine_ir.cljk	x86-dequant-q6-k-groups	23	nil	0
src/kotoba/native/machine_ir.cljk	x86-dequant-q4-k-pair	26	nil	0
src/kotoba/native/machine_ir.cljk	x86-dequant-q4-k-scales	28	nil	0
src/kotoba/native/machine_ir.cljk	x86-dequant-q4-k-group	41	nil	0
src/kotoba/native/machine_ir.cljk	x86-dequant-q6-k-group	64	nil	0
src/kotoba/native/machine_ir.cljk	ptq1-0-element	6	nil	0
src/kotoba/native/machine_ir.cljk	x86-dequant-ptq1-0-groups	12	nil	0
src/kotoba/native/machine_ir.cljk	ptq1-0-powers	1	nil	0
src/kotoba/native/machine_ir.cljk	x86-ptq1-0-digit	10	nil	0
src/kotoba/native/machine_ir.cljk	x86-dequant-ptq1-0-group	59	nil	0
src/kotoba/native/machine_ir.cljk	x86-kernel-dequant-dot	268	nil	0
src/kotoba/native/machine_ir.cljk	a64-dequant-formats	25	folded	0
src/kotoba/native/machine_ir.cljk	a64-mul-rr	4	real	1
src/kotoba/native/machine_ir.cljk	a64-and-rr	4	real	1
src/kotoba/native/machine_ir.cljk	a64-orr-rr	4	real	1
src/kotoba/native/machine_ir.cljk	a64-lsl-imm	6	real	1
src/kotoba/native/machine_ir.cljk	a64-fmov-s-w	2	real	1
src/kotoba/native/machine_ir.cljk	a64-fmov-w-s	2	real	1
src/kotoba/native/machine_ir.cljk	a64-dequant-fp16	36	real	1
src/kotoba/native/machine_ir.cljk	a64-kernel-dequant-dot	133	real	1
src/kotoba/native/machine_ir.cljk	a64-kernel-bounds-check	35	real	1
src/kotoba/native/machine_ir.cljk	a64-slice-bounds-check	21	real	1
src/kotoba/native/machine_ir.cljk	a64-kernel-lock	50	real	1
src/kotoba/native/machine_ir.cljk	a64-memory-access	18	real	1
src/kotoba/native/machine_ir.cljk	a64-kernel-atomic	41	real	1
src/kotoba/native/machine_ir.cljk	a64-store-answer	11	real	1
src/kotoba/native/machine_ir.cljk	a64-kernel-memory	13	real	1
src/kotoba/native/machine_ir.cljk	a64-slice-memory	13	real	1
src/kotoba/native/machine_ir.cljk	a64-kernel-subregion	25	real	1
src/kotoba/native/machine_ir.cljk	a64-quotient	26	real	1
src/kotoba/native/machine_ir.cljk	a64-quotient-constant	46	real	1
src/kotoba/native/machine_ir.cljk	inline-context-offsets	3	folded	0
src/kotoba/native/machine_ir.cljk	inline-runtime-operations	3	folded	0
src/kotoba/native/machine_ir.cljk	a64-ldr-x16-context	5	real	1
src/kotoba/native/machine_ir.cljk	a64-inline-handle	13	real	1
src/kotoba/native/machine_ir.cljk	a64-inline-runtime	40	real	1
src/kotoba/native/machine_ir.cljk	x86-mov-r10-context	4	nil	0
src/kotoba/native/machine_ir.cljk	x86-inline-handle	13	nil	0
src/kotoba/native/machine_ir.cljk	x86-inline-runtime	33	nil	0
src/kotoba/native/machine_ir.cljk	x86-runtime-call	16	nil	0
src/kotoba/native/machine_ir.cljk	a64-runtime-call	17	real	1
src/kotoba/native/machine_ir.cljk	x86-capability-call	23	nil	0
src/kotoba/native/machine_ir.cljk	a64-capability-call	30	real	1
src/kotoba/native/machine_ir.cljk	x86-load-gdt-tss-and-readback	17	nil	0
src/kotoba/native/machine_ir.cljk	x86-page-fault-handler-address	12	nil	0
src/kotoba/native/machine_ir.cljk	x86-rt-timer-handler-address	7	nil	0
src/kotoba/native/machine_ir.cljk	x86-page-fault-recovery-handler-address	7	nil	0
src/kotoba/native/machine_ir.cljk	x86-double-fault-handler-address	7	nil	0
src/kotoba/native/machine_ir.cljk	x86-undefined-opcode-handler-address	7	nil	0
src/kotoba/native/machine_ir.cljk	x86-load-idt-and-readback	9	nil	0
src/kotoba/native/machine_ir.cljk	x86-uefi-call2	34	nil	0
src/kotoba/native/machine_ir.cljk	x86-uefi-call-wide	30	nil	0
src/kotoba/native/machine_ir.cljk	x86-uefi-alloc-region	34	nil	0
src/kotoba/native/machine_ir.cljk	x86-privileged	318	nil	0
src/kotoba/native/machine_ir.cljk	encode-selected-a64	275	real	1
src/kotoba/native/machine_ir.cljk	encode-selected	214	real	1
src/kotoba/native/machine_ir.cljk	relative32	6	nil	0
src/kotoba/native/machine_ir.cljk	a64-adr-code	17	real	1
src/kotoba/native/machine_ir.cljk	x86-lea-rip-code	10	nil	0
src/kotoba/native/machine_ir.cljk	encode-layout-branch	61	real	1
src/kotoba/native/machine_ir.cljk	size-of-token	12	real	1
src/kotoba/native/machine_ir.cljk	x86-lea-rip	5	nil	0
src/kotoba/native/machine_ir.cljk	a64-adr	30	real	1
src/kotoba/native/machine_ir.cljk	align-to	2	real	1
src/kotoba/native/machine_ir.cljk	resolve-program-layout	79	real	1
src/kotoba/native/machine_ir.cljk	resolve-layout	2	folded	0
src/kotoba/native/machine_ir.cljk	a64-leaf-constant-registers	2	real	1
src/kotoba/native/machine_ir.cljk	a64-leaf-cache-safe-encodings	29	real	1
src/kotoba/native/machine_ir.cljk	a64-cache-register-sources	17	real	1
src/kotoba/native/machine_ir.cljk	positive-mersenne-shift	10	real	1
src/kotoba/native/machine_ir.cljk	a64-strength-reduce-cached-mersenne	20	real	1
src/kotoba/native/machine_ir.cljk	a64-serial-msub-chain?	69	real	1
src/kotoba/native/machine_ir.cljk	a64-profitable-cached-mersenne-values	39	real	1
src/kotoba/native/machine_ir.cljk	a64-source-keys	13	real	0
src/kotoba/native/machine_ir.cljk	a64-source-registers	7	real	1
src/kotoba/native/machine_ir.cljk	a64-add-sub-immediate	33	real	1
src/kotoba/native/machine_ir.cljk	a64-fold-adjacent-add-sub-immediates	37	real	1
src/kotoba/native/machine_ir.cljk	a64-used-source-registers	15	real	1
src/kotoba/native/machine_ir.cljk	x86-quotient-result-in-place	34	nil	0
src/kotoba/native/machine_ir.cljk	x86-reciprocal-cache-safe-encodings	19	nil	0
src/kotoba/native/machine_ir.cljk	x86-hoist-repeated-reciprocal	28	nil	0
src/kotoba/native/machine_ir.cljk	x86-propagate-copies	26	nil	0
src/kotoba/native/machine_ir.cljk	x86-straight-line-encodings	11	nil	0
src/kotoba/native/machine_ir.cljk	x86-register-live-after?	37	nil	0
src/kotoba/native/machine_ir.cljk	x86-elide-dead-quotient-saves	41	nil	0
src/kotoba/native/machine_ir.cljk	x86-fold-adjacent-immediates	38	nil	0
src/kotoba/native/machine_ir.cljk	a64-cache-leaf-constants	122	real	1
src/kotoba/native/machine_ir.cljk	a64-x16-preserving-encodings	9	folded	0
src/kotoba/native/machine_ir.cljk	rename-token-labels	19	real	1
src/kotoba/native/machine_ir.cljk	a64-bottom-test-self-recur-plan	46	real	1
src/kotoba/native/machine_ir.cljk	a64-identity-callee?	11	real	1
src/kotoba/native/machine_ir.cljk	a64-loop-invariant-identity-call-plan	42	real	1
src/kotoba/native/machine_ir.cljk	instruction-tokens	157	real	1
src/kotoba/native/machine_ir.cljk	qualify-function-locals	20	real	1
src/kotoba/native/machine_ir.cljk	call-frame-policy?	2	real	1
src/kotoba/native/machine_ir.cljk	x86-saved-frame	10	nil	0
src/kotoba/native/machine_ir.cljk	a64-frame-reg-code	7	real	1
src/kotoba/native/machine_ir.cljk	a64-stack-pair	9	real	1
src/kotoba/native/machine_ir.cljk	a64-stack-pair-at	14	real	1
src/kotoba/native/machine_ir.cljk	a64-saved-frame	65	real	1
src/kotoba/native/machine_ir.cljk	a64-form-frame-pointer	10	real	1
src/kotoba/native/machine_ir.cljk	function-frame	49	real	1
src/kotoba/native/machine_ir.cljk	a64-call-like-encodings	3	folded	0
src/kotoba/native/machine_ir.cljk	a64-simd-park-spills	53	real	1
src/kotoba/native/machine_ir.cljk	fresh-self-tail-body-label	15	real	1
src/kotoba/native/machine_ir.cljk	stack-argument-op?	2	real	1
src/kotoba/native/machine_ir.cljk	stack-argument-frame	17	real	1
src/kotoba/native/machine_ir.cljk	incoming-argument-base	6	real	1
src/kotoba/native/machine_ir.cljk	resolve-stack-argument-offsets	15	real	1
src/kotoba/native/machine_ir.cljk	encode-mc-module	127	real	1
src/kotoba/native/machine_ir.cljk	encode-mc	17	real	0
src/kotoba/native/machine_ir.cljk	guest-reentry-ops	5	folded	0
src/kotoba/native/machine_ir.cljk	function-reenters-guest?	4	real	1
src/kotoba/native/machine_ir.cljk	entry-fuel-prefixes	12	real	0
src/kotoba/native/machine_ir.cljk	counted-self-recur-plans	8	real	0
src/kotoba/native/machine_ir.cljk	compile-kir-module	12	real	0
src/kotoba/native/machine_ir.cljk	compile-expression	6	real	0
src/kotoba/native/aarch64.cljk	utf8-bytes	3	nil	0
src/kotoba/native/aarch64.cljk	u32le	2	real	1
src/kotoba/native/aarch64.cljk	insn	1	real	1
src/kotoba/native/aarch64.cljk	mov-reg	1	nil	0
src/kotoba/native/aarch64.cljk	movz	3	nil	0
src/kotoba/native/aarch64.cljk	movk	3	nil	0
src/kotoba/native/aarch64.cljk	load-constant-reg	21	nil	0
src/kotoba/native/aarch64.cljk	load-constant	1	nil	0
src/kotoba/native/aarch64.cljk	b-ne	2	nil	0
src/kotoba/native/aarch64.cljk	signed-division	17	nil	0
src/kotoba/native/aarch64.cljk	fuel-charge	7	nil	0
src/kotoba/native/aarch64.cljk	fuel-charge-tokens	11	real	1
src/kotoba/native/aarch64.cljk	argument-registers	1	real	1
src/kotoba/native/aarch64.cljk	counted-bulk-entry-charge-tokens	24	real	1
src/kotoba/native/aarch64.cljk	direct-self-recur-mc?	7	real	1
src/kotoba/native/aarch64.cljk	fuel-instrumentation	18	real	1
src/kotoba/native/aarch64.cljk	token-size	5	nil	0
src/kotoba/native/aarch64.cljk	code-size	1	nil	0
src/kotoba/native/aarch64.cljk	sub-sp	1	nil	0
src/kotoba/native/aarch64.cljk	add-sp	1	nil	0
src/kotoba/native/aarch64.cljk	str-sp	2	nil	0
src/kotoba/native/aarch64.cljk	ldr-sp	2	nil	0
src/kotoba/native/aarch64.cljk	save-x0	1	nil	0
src/kotoba/native/aarch64.cljk	restore-to	1	nil	0
src/kotoba/native/aarch64.cljk	restore-binary	3	nil	0
src/kotoba/native/aarch64.cljk	branch	2	nil	0
src/kotoba/native/aarch64.cljk	cbz-x0	2	nil	0
src/kotoba/native/aarch64.cljk	fresh-label	2	nil	0
src/kotoba/native/aarch64.cljk	load-let	2	nil	0
src/kotoba/native/aarch64.cljk	pop-n	1	nil	0
src/kotoba/native/aarch64.cljk	fmov-d0-x0	1	nil	0
src/kotoba/native/aarch64.cljk	fmov-d1-x1	1	nil	0
src/kotoba/native/aarch64.cljk	fmov-x0-d0	1	nil	0
src/kotoba/native/aarch64.cljk	f64-binary-ops	3	nil	0
src/kotoba/native/aarch64.cljk	f64-compare-ops	3	nil	0
src/kotoba/native/aarch64.cljk	f64-unary-ops	2	nil	0
src/kotoba/native/aarch64.cljk	box-record-argument	8	nil	0
src/kotoba/native/aarch64.cljk	emit-rhs-window	5	nil	0
src/kotoba/native/aarch64.cljk	emit-binary	4	nil	0
src/kotoba/native/aarch64.cljk	emit-call	12	nil	0
src/kotoba/native/aarch64.cljk	ldr-context	3	nil	0
src/kotoba/native/aarch64.cljk	tbnz	6	nil	0
src/kotoba/native/aarch64.cljk	b-cond	2	nil	0
src/kotoba/native/aarch64.cljk	cbz-reg	2	nil	0
src/kotoba/native/aarch64.cljk	cmp-imm	2	nil	0
src/kotoba/native/aarch64.cljk	cond-hi	1	nil	0
src/kotoba/native/aarch64.cljk	cond-hs	1	nil	0
src/kotoba/native/aarch64.cljk	cond-lt	1	nil	0
src/kotoba/native/aarch64.cljk	cond-gt	1	nil	0
src/kotoba/native/aarch64.cljk	bounds-check	12	nil	0
src/kotoba/native/aarch64.cljk	emit-kernel-store-u8	20	nil	0
src/kotoba/native/aarch64.cljk	emit-kernel-load-u8	19	nil	0
src/kotoba/native/aarch64.cljk	emit-kernel-subregion	25	nil	0
src/kotoba/native/aarch64.cljk	bounds-check-u32	15	nil	0
src/kotoba/native/aarch64.cljk	emit-kernel-store-u32	20	nil	0
src/kotoba/native/aarch64.cljk	emit-kernel-load-u32	19	nil	0
src/kotoba/native/aarch64.cljk	memwidth-window-ops	12	nil	0
src/kotoba/native/aarch64.cljk	memwidth-slice-ops	4	nil	0
src/kotoba/native/aarch64.cljk	memwidth-slice-item-limit	1	nil	0
src/kotoba/native/aarch64.cljk	memwidth-access	14	nil	0
src/kotoba/native/aarch64.cljk	memwidth-alignment	8	nil	0
src/kotoba/native/aarch64.cljk	emit-memwidth-window	38	nil	0
src/kotoba/native/aarch64.cljk	emit-memwidth-slice	36	nil	0
src/kotoba/native/aarch64.cljk	emit-cap-call	18	nil	0
src/kotoba/native/aarch64.cljk	emit-typed-cap-call	21	nil	0
src/kotoba/native/aarch64.cljk	heap-call-offsets	53	nil	0
src/kotoba/native/aarch64.cljk	vector-op-aliases	8	nil	0
src/kotoba/native/aarch64.cljk	emit-heap-call	13	nil	0
src/kotoba/native/aarch64.cljk	emit-string-literal	8	nil	0
src/kotoba/native/aarch64.cljk	ascii-literal?	2	nil	0
src/kotoba/native/aarch64.cljk	emit-string-substring-of-ascii-literal	30	nil	0
src/kotoba/native/aarch64.cljk	record-new-binding	11	nil	0
src/kotoba/native/aarch64.cljk	expand-binding	13	nil	0
src/kotoba/native/aarch64.cljk	resolve-record-binding	10	nil	0
src/kotoba/native/aarch64.cljk	emit-let	8	nil	0
src/kotoba/native/aarch64.cljk	*function-names*	1	nil	0
src/kotoba/native/aarch64.cljk	boxed-record-chain	2	nil	0
src/kotoba/native/aarch64.cljk	boxed-record-projection	2	nil	0
src/kotoba/native/aarch64.cljk	record-result-name	4	nil	0
src/kotoba/native/aarch64.cljk	box-record-tails	18	nil	0
src/kotoba/native/aarch64.cljk	emit-record-get-of-new	37	nil	0
src/kotoba/native/aarch64.cljk	emit-record-get-of-new-construction	22	nil	0
src/kotoba/native/aarch64.cljk	type-slot-width	4	nil	0
src/kotoba/native/aarch64.cljk	bind-over-slots	10	nil	0
src/kotoba/native/aarch64.cljk	emit-variant-dispatch	51	nil	0
src/kotoba/native/aarch64.cljk	emit-variant-match-of-new	23	nil	0
src/kotoba/native/aarch64.cljk	emit-expr	433	nil	0
src/kotoba/native/aarch64.cljk	emit-function	29	nil	0
src/kotoba/native/aarch64.cljk	unimplemented-operation!	3	nil	0
src/kotoba/native/aarch64.cljk	finalize	51	nil	0
src/kotoba/native/aarch64.cljk	collect-string-literals	5	nil	0
src/kotoba/native/aarch64.cljk	emit-program	12	real	1
